Title,Latitude,Longitude,Timestamp,Description,SourceURL,VideoURL,Agency
Sighting near Chicago,41.88325,-87.6323879,2025-10-07T07:35:53.907738Z,"Title: PSA: Please read before reporting ICE/Military sightings in Chicago .... Snippet: Sep 5, 2025 ... If you believe you are witnessing ICE activity, please call The Illinois Coalition for Immigrant & Refugee Rights' 24-Hour Family Support ...",https://www.reddit.com/r/chicago/comments/1n8rr08/psa_please_read_before_reporting_icemilitary/,,"ICE, CBP"
Sighting near Central Park,40.7825547,-73.9655834,2025-10-07T07:35:54.075276Z,"Title: If you see ICE activity use the Waze app to mark an “icy road” hazard .... Snippet: Jun 17, 2025 ... ... sightings 855-435-7693. Flyer. Edit: Obligatory Fuck ICE ... r/chicago - ICE at Central Park and Armitage. 4.1K upvotes · 571 ...",https://www.reddit.com/r/chicago/comments/1ldxqq9/if_you_see_ice_activity_use_the_waze_app_to_mark/,,"ICE, CBP"
Sighting near Armitage,52.7417895,-1.8775334,2025-10-07T07:35:54.075276Z,"Title: If you see ICE activity use the Waze app to mark an “icy road” hazard .... Snippet: Jun 17, 2025 ... ... sightings 855-435-7693. Flyer. Edit: Obligatory Fuck ICE ... r/chicago - ICE at Central Park and Armitage. 4.1K upvotes · 571 ...",https://www.reddit.com/r/chicago/comments/1ldxqq9/if_you_see_ice_activity_use_the_waze_app_to_mark/,,"ICE, CBP"
Sighting near Northern Illinois,40.6331249,-89.3985283,2025-10-07T07:35:54.788664Z,"Title: Most of Northern Illinois and Wisconsin are in the Border Patrol's .... Snippet: May 15, 2018 ... Most of Northern Illinois and Wisconsin are in the Border Patrol's 'Constitution-Free' Zone. ... checkpoint stop in order to prevent drunken ...",https://www.reddit.com/r/chicago/comments/8jghov/most_of_northern_illinois_and_wisconsin_are_in/,,"ICE, CBP"
Sighting near Wisconsin,43.7844397,-88.7878678,2025-10-07T07:35:54.788664Z,"Title: Most of Northern Illinois and Wisconsin are in the Border Patrol's .... Snippet: May 15, 2018 ... Most of Northern Illinois and Wisconsin are in the Border Patrol's 'Constitution-Free' Zone. ... checkpoint stop in order to prevent drunken ...",https://www.reddit.com/r/chicago/comments/8jghov/most_of_northern_illinois_and_wisconsin_are_in/,,"ICE, CBP"
Sighting near Northern Illinois,40.6331249,-89.3985283,2025-10-07T07:35:54.788664Z,"Title: Most of Northern Illinois and Wisconsin are in the Border Patrol's .... Snippet: May 15, 2018 ... Most of Northern Illinois and Wisconsin are in the Border Patrol's 'Constitution-Free' Zone. ... checkpoint stop in order to prevent drunken ...",https://www.reddit.com/r/chicago/comments/8jghov/most_of_northern_illinois_and_wisconsin_are_in/,,"ICE, CBP"
Sighting near Wisconsin,43.7844397,-88.7878678,2025-10-07T07:35:54.788664Z,"Title: Most of Northern Illinois and Wisconsin are in the Border Patrol's .... Snippet: May 15, 2018 ... Most of Northern Illinois and Wisconsin are in the Border Patrol's 'Constitution-Free' Zone. ... checkpoint stop in order to prevent drunken ...",https://www.reddit.com/r/chicago/comments/8jghov/most_of_northern_illinois_and_wisconsin_are_in/,,"ICE, CBP"
Sighting near Illinois,40.6331249,-89.3985283,2025-10-07T07:35:55.295614Z,"Title: Why does O'hare have cannabis amnesty boxes PAST security? : r .... Snippet: Nov 16, 2023 ... ... CBP. But those agencies have very specific powers in airports, which ... Ditching your Illinois-legal weed before you cross state lines ...",https://www.reddit.com/r/chicago/comments/17wp75u/why_does_ohare_have_cannabis_amnesty_boxes_past/,,"ICE, CBP"
Sighting near Chicago,41.88325,-87.6323879,2025-10-07T07:35:55.944596Z,"Title: Chicago. Snippet: ... -shore-apartment-ice-raid · r/chicago - After military-style raid on South Shore apartments, Congress members. Upvote 431. Downvote 28 Go to comments",https://www.reddit.com/r/chicago/,,"ICE, CBP"
Sighting near chicago,41.88325,-87.6323879,2025-10-07T07:35:55.944596Z,"Title: Chicago. Snippet: ... -shore-apartment-ice-raid · r/chicago - After military-style raid on South Shore apartments, Congress members. Upvote 431. Downvote 28 Go to comments",https://www.reddit.com/r/chicago/,,"ICE, CBP"
Sighting near South Shore,41.7663054,-87.5664534,2025-10-07T07:35:55.944596Z,"Title: Chicago. Snippet: ... -shore-apartment-ice-raid · r/chicago - After military-style raid on South Shore apartments, Congress members. Upvote 431. Downvote 28 Go to comments",https://www.reddit.com/r/chicago/,,"ICE, CBP"
Sighting near Chicago,41.88325,-87.6323879,2025-10-07T07:35:56.361821Z,"Title: Dr. Phil is joining ICE on Immigration raids in Chicago : r/chicago. Snippet: Jan 27, 2025 ... I'm getting word that ICE is currently trying to raid my employers other location on the west side right now. (We have two locations, I'm on the ...",https://www.reddit.com/r/chicago/comments/1ibfg5k/dr_phil_is_joining_ice_on_immigration_raids_in/,,"ICE, CBP"
Sighting near Illinois,40.6331249,-89.3985283,2025-10-07T07:35:56.985433Z,"Title: Illinois sees record-breaking tourism in 2024 : r/chicago. Snippet: Aug 27, 2025 ... “Fun” fact, Border Patrol doesn't need warrants to search vehicles within 100 miles of a border. The 100 miles includes airports and ...",https://www.reddit.com/r/chicago/comments/1n1mc5c/illinois_sees_recordbreaking_tourism_in_2024/,,"ICE, CBP"
Sighting near Chicago,41.88325,-87.6323879,2025-10-07T07:35:57.114753Z,"Title: Is the Illinois International Port District affected by the ILA strike? : r .... Snippet: Oct 3, 2024 ... because the Chicago port receives international ships, it is a ""Port of Entry"" under federal law. IIRC this gives the Border Patrol division of ...",https://www.reddit.com/r/chicago/comments/1fv0twj/is_the_illinois_international_port_district/,,"ICE, CBP"
Sighting near Chicago,41.88325,-87.6323879,2025-10-07T07:35:57.218002Z,"Title: [Chicago Mag] Riding Down Historic Route 66 in Illinois : r/chicago. Snippet: Jan 6, 2022 ... Border Patrol on River headed north 9/25/25 12:50pm · r/chicago - Border Patrol on River headed north 9/25/25 12. 10. 1.4K upvotes · 509 ...",https://www.reddit.com/r/chicago/comments/rxhpbs/chicago_mag_riding_down_historic_route_66_in/,,"ICE, CBP"
Sighting near Illinois,40.6331249,-89.3985283,2025-10-07T07:35:57.218002Z,"Title: [Chicago Mag] Riding Down Historic Route 66 in Illinois : r/chicago. Snippet: Jan 6, 2022 ... Border Patrol on River headed north 9/25/25 12:50pm · r/chicago - Border Patrol on River headed north 9/25/25 12. 10. 1.4K upvotes · 509 ...",https://www.reddit.com/r/chicago/comments/rxhpbs/chicago_mag_riding_down_historic_route_66_in/,,"ICE, CBP"
Sighting near Illinois,40.6331249,-89.3985283,2025-10-07T07:35:57.401354Z,"Title: Getting Illinois License Plates : r/chicago. Snippet: Sep 13, 2011 ... Do I need an Illinois driver's license to register my car in Illinois? ... Border Patrol on River headed north 9/25/25 12:50pm · r/chicago ...",https://www.reddit.com/r/chicago/comments/keo5w/getting_illinois_license_plates/,,"ICE, CBP"
Sighting near Illinois,40.6331249,-89.3985283,2025-10-07T07:35:57.401354Z,"Title: Getting Illinois License Plates : r/chicago. Snippet: Sep 13, 2011 ... Do I need an Illinois driver's license to register my car in Illinois? ... Border Patrol on River headed north 9/25/25 12:50pm · r/chicago ...",https://www.reddit.com/r/chicago/comments/keo5w/getting_illinois_license_plates/,,"ICE, CBP"
Sighting near chicago,41.88325,-87.6323879,2025-10-07T07:35:57.401354Z,"Title: Getting Illinois License Plates : r/chicago. Snippet: Sep 13, 2011 ... Do I need an Illinois driver's license to register my car in Illinois? ... Border Patrol on River headed north 9/25/25 12:50pm · r/chicago ...",https://www.reddit.com/r/chicago/comments/keo5w/getting_illinois_license_plates/,,"ICE, CBP"
Sighting near Illinois,40.6331249,-89.3985283,2025-10-08T00:27:50.550463Z,There was a sighting somewhere in Illinois.,http://example.com/sighting-report-approximate,,ICE,api_endpoint,"{""northeast"": {""lat"": 42.5084809, ""lng"": -87.01993499999999}, ""southwest"": {""lat"": 36.970298, ""lng"": -91.51307899999999}}"
Sighting near Fullerton,41.9251983,-87.6527796,2025-10-14T19:41:22.443453Z,ICE checkpoint spotted at Fullerton and Western yesterday around 2pm,http://reddit.com/r/chicago/test,,ICE,api_endpoint,
Sighting near Chicago,41.88325,-87.6323879,2025-10-14T20:10:37.870602Z,ICE checkpoint in Chicago yesterday,http://test.com/final-base,,ICE,api_endpoint,"{""northeast"": {""lat"": 42.0231351, ""lng"": -87.52366099999999}, ""southwest"": {""lat"": 41.644286, ""lng"": -87.940097}}"
Sighting near Illinois,41.88325,-87.6323879,2025-10-14T20:14:35.118748Z,Border patrol in Illinois yesterday,http://test.com/illinois-test,,ICE,api_endpoint,"{""northeast"": {""lat"": 42.0231351, ""lng"": -87.52366099999999}, ""southwest"": {""lat"": 41.644286, ""lng"": -87.940097}}"
Sighting near Fullerton,41.9251983,-87.6527796,2025-10-15T00:35:45.375723Z,ICE checkpoint spotted at Western and Fullerton yesterday around 3pm,http://test.com/backup-test-1,,ICE,api_endpoint,
Sighting near Chicago,41.88325,-87.6323879,2025-10-15T00:41:17.214925Z,"Chicago
1 day ago ... ICE Sightings - Chicagoland Facebook group removed. 90,000 members denied access. ABC 7 Chicago reports. This could possibly be a first amendment rights legal ...",https://www.reddit.com/r/chicago/rising/,,ICE,api_endpoint,"{""northeast"": {""lat"": 42.0231351, ""lng"": -87.52366099999999}, ""southwest"": {""lat"": 41.644286, ""lng"": -87.940097}}"
Sighting near Chicago,41.88325,-87.6323879,2025-10-15T09:41:19.976045Z,"Daily ICE Spotting : r/chicago
15 hours ago ... 37 votes, 19 comments. This thread is for consolidating ICE spottings and activity each day in one location. Only posts that are primarily ...",https://www.reddit.com/r/chicago/comments/1o76vhq/daily_ice_spotting/,,ICE,api_endpoint,"{""northeast"": {""lat"": 42.0231351, ""lng"": -87.52366099999999}, ""southwest"": {""lat"": 41.644286, ""lng"": -87.940097}}"
Sighting near Chicago,41.88325,-87.6323879,2025-10-15T05:41:20.223088Z,"free speech and democracy in danger : r/chicago
19 hours ago ... r/chicago icon. r/chicago. • 5h ago. Facebook suspends popular Chicago ICE-sightings group at Trump administration's request · r/chicago ...",https://www.reddit.com/r/chicago/comments/1o72qqq/free_speech_and_democracy_in_danger/,,ICE,api_endpoint,"{""northeast"": {""lat"": 42.0231351, ""lng"": -87.52366099999999}, ""southwest"": {""lat"": 41.644286, ""lng"": -87.940097}}"
Sighting near U.S.,41.88325,-87.6323879,2025-10-16T05:41:20.472118Z,"15-Year-Old U.S. Citizen Taken By Feds For 5 Hours After East Side ...
10 hours ago ... r/chicago icon. r/chicago. • 5h ago. Facebook suspends popular Chicago ICE-sightings group at Trump administration's request · r/chicago ...",https://www.reddit.com/r/chicago/comments/1o7cnq4/15yearold_us_citizen_taken_by_feds_for_5_hours/,,ICE,api_endpoint,"{""northeast"": {""lat"": 42.0231351, ""lng"": -87.52366099999999}, ""southwest"": {""lat"": 41.644286, ""lng"": -87.940097}}"
Sighting near Chicago,41.88325,-87.6323879,2025-10-15T19:41:20.875377Z,"ICE using two different state license plates ? : r/chicago
5 hours ago ... r/chicago icon. r/chicago. • 1d ago. Facebook suspends popular Chicago ICE-sightings group at Trump administration's request · r/chicago ...",https://www.reddit.com/r/chicago/comments/1o7lcil/ice_using_two_different_state_license_plates/,,ICE,api_endpoint,"{""northeast"": {""lat"": 42.0231351, ""lng"": -87.52366099999999}, ""southwest"": {""lat"": 41.644286, ""lng"": -87.940097}}"
Sighting near Chicago,41.88325,-87.6323879,2025-10-15T12:41:21.093297Z,"Back with a new orange line portrait. This time with that sweet sweet ...
12 hours ago ... r/chicago icon. r/chicago. • 5 hr. ago. Facebook suspends popular Chicago ICE-sightings group at Trump administration's request · r/chicago ...",https://www.reddit.com/r/chicago/comments/1o79jd7/back_with_a_new_orange_line_portrait_this_time/,,ICE,api_endpoint,"{""northeast"": {""lat"": 42.0231351, ""lng"": -87.52366099999999}, ""southwest"": {""lat"": 41.644286, ""lng"": -87.940097}}"
Sighting near Chicago,41.88325,-87.6323879,2025-10-15T00:32:00Z,"It's 12:32am on 10/15 : r/chicago
19 hours ago ... r/chicago icon. r/chicago. • 5 hr. ago. Facebook suspends popular Chicago ICE-sightings group at Trump administration's request · r/chicago ...",https://www.reddit.com/r/chicago/comments/1o72q7j/its_1232am_on_1015/,,ICE,api_endpoint,"{""northeast"": {""lat"": 42.0231351, ""lng"": -87.52366099999999}, ""southwest"": {""lat"": 41.644286, ""lng"": -87.940097}}"
Sighting near Milwaukee,42.214446,-87.9350853,2025-10-15T16:41:21.609758Z,"Milwaukee Ave. : r/chicago
8 hours ago ... r/chicago icon. r/chicago. • 1d ago. Facebook suspends popular Chicago ICE-sightings group at Trump administration's request · r/chicago ...",https://www.reddit.com/r/chicago/comments/1o7ftip/milwaukee_ave/,,ICE,api_endpoint,
Sighting near Chicago,41.88325,-87.6323879,2025-10-15T16:41:21.927300Z,"Wouldnt ultimate hack against ICE just be wearing their own ...
8 hours ago ... r/chicago icon. Go to chicago · r/chicago in 17h. romanssworld. Locked post ... If everyone is an ICE agent, then no one is an ICE agent. ubix.",https://www.reddit.com/r/chicago/comments/1o7gia8/wouldnt_ultimate_hack_against_ice_just_be_wearing/,,ICE,api_endpoint,"{""northeast"": {""lat"": 42.0231351, ""lng"": -87.52366099999999}, ""southwest"": {""lat"": 41.644286, ""lng"": -87.940097}}"
Sighting near Chicago,41.88325,-87.6323879,2025-10-15T21:41:22.159845Z,"Hear Him Clearly : r/chicago
3 hours ago ... 173 votes, 92 comments. You are not safe if you aren't MAGA. Organize. Protect each other. Resist. Ridicule.",https://www.reddit.com/r/chicago/comments/1o7nidd/hear_him_clearly/,,ICE,api_endpoint,"{""northeast"": {""lat"": 42.0231351, ""lng"": -87.52366099999999}, ""southwest"": {""lat"": 41.644286, ""lng"": -87.940097}}"
